{"loss": [0.2200615688089336, 0.16979966356515802, 0.16535831858001687, 0.16260138141996058, 0.1612932263482483], "binary_accuracy": [0.888547956943512, 0.9086917042732239, 0.9116687774658203, 0.9135507941246033, 0.914782702922821], "val_loss": [0.23115181320856124, 0.12587495042343574, 0.11479900017214317, 0.11670268090879848, 0.08736268135979337], "val_binary_accuracy": [0.941337525844574, 0.9533255100250244, 0.95301753282547, 0.9523559808731079, 0.9633288383483887]}