{"loss": [0.22952029739075352, 0.17151689337864154, 0.1664124429355098, 0.16376345782972354, 0.16175037094970732], "binary_accuracy": [0.8815216422080994, 0.9075168371200562, 0.9107334613800049, 0.9123303294181824, 0.9139500260353088], "val_loss": [0.4120942522564605, 0.46889319199964563, 0.19483748411991123, 0.10302751371444181, 0.1399097921739627], "val_binary_accuracy": [0.6637884974479675, 0.6644956469535828, 0.9442346692085266, 0.9555497169494629, 0.933455765247345]}