{"loss": [0.2401371959658486, 0.18017016472546693, 0.17345200053088897, 0.16917973577881043, 0.16655800153486566], "binary_accuracy": [0.8812934756278992, 0.905463695526123, 0.9092164039611816, 0.9122732877731323, 0.9127979874610901], "val_loss": [0.4300057302134977, 0.48944140866160346, 0.3755484132671488, 0.23432503332518853, 0.22823150795018501], "val_binary_accuracy": [0.7686235904693604, 0.7431191802024841, 0.7991353869438171, 0.9313228130340576, 0.9365354776382446]}