{"loss": [0.21312926076688285, 0.17633088308320535, 0.17106770802022822, 0.16788996745674725, 0.16669364805618334], "binary_accuracy": [0.8893349766731262, 0.9065358638763428, 0.9077677726745605, 0.9104254841804504, 0.9106079339981079], "val_loss": [1.5692064010943712, 0.5874977192897378, 0.7003551283058477, 0.6323339906225453, 0.5213311095590774], "val_binary_accuracy": [0.5576416254043579, 0.537509560585022, 0.5364829897880554, 0.6458122134208679, 0.7005965709686279]}