{"loss": [0.23510391014704918, 0.1749529723972473, 0.17060937122491227, 0.16767182040883535, 0.16606491916404287], "binary_accuracy": [0.876479983329773, 0.9065130352973938, 0.9083153009414673, 0.9097068309783936, 0.9106764197349548], "val_loss": [0.395845220257593, 0.77852201979171, 0.4963429593660279, 0.5120911649046042, 0.43655269300377036], "val_binary_accuracy": [0.7584834098815918, 0.5444331765174866, 0.6416945457458496, 0.684924304485321, 0.7365491390228271]}